Name,Address,Phone
1 Church,2533 N John B Dennis Hwy,(423) 612-1748
“Maranata” Baptist Church PC,2500 NE 78th St,
121 Community Church,2701 Ira E Woods Ave,817-488-1213
10:02 Church,2740 Willow Creek Dr,(901) 361-8208
1025 Church,1025 E Spring St,(770) 266-1013
1025 Church Statham,1914 Broad St,
"168 (One, Six, Eight) Church",2129 63rd St,
1040 Global,5972 Kilbeggan St,
21 Fellowship-a Southern Baptist Church,11574 Highway 21 East,936-348-6400
1 Church Loganville,4037 Bailey Cir,(678) 527-9220
1st Laotian Bapitst Chapel,807 E Broadway St,419-693-2688
1st Corinthians 13 Church,6311 Allegheny St,713-748-7075
1st Cowboy Church of Burnet,1004 County Road 252,(512) 756-4349
2 Cities Church,3100 Gentian Blvd Ste B,(706) 780-6898
1st Southern Baptist Church of Penrose,722 N Broadway St,719-372-3670
1 Iglesia Bautista Hispana,440 Upper Peachtree Rd,(828) 557-4843
Antioch Baptist Church,3868 Antioch Church Rd,804-737-0500
"Antioch Baptist Church, Hannibal",59621 Antioch Ln,573-221-6689
"Antioch Baptist Church, Green Ridge",35865 Highway E,(660) 890-4708
"Antioch Baptist Church, Centralia",1249 E Highway 22,(573) 473-6766
Antioch Baptist Church,10 Phillips Place,(617) 899-8365
Antioch Baptist Church,7650 South US1,(352) 217-2827
Antioch #1 Baptist Church,3233 Antioch Church Rd,
Antioch,185 Church Ln,
Antioch,15755 Lock 17 Rd,(205) 477-4325
And Church,20020 Mapes Ave,(323) 973-3330
Anding Baptist Church,7290 Anding Oil City Rd,(662) 571-3098
Antioch,3250 S Rocky Creek Rd,
Amite Baptist Church,7100 Amite Church Rd,(225) 665-2762
Anchor Baptist Church,3601 Winthrop Dr,(859) 296-1214
Amazing Grace Baptist Church,10010 Portage Rd,
Amboy Baptist Church,7930 GA Highway 159,(229) 567-8012
Amistad Baptist Church,26808 S Altas Palmas Rd,
"Amissville Baptist Church, Inc.",776 Viewtown Rd,540-937-6159
Amistad Baptist Church,2433 N 43rd St,254-752-6377
Ambler Baptist Church,2150 PARK AVE,325-673-1998
Antioch Fellowship Missionary Baptist Church,7550 S Hampton Rd,972-228-2420
Antioch East,2303 Old Stage Rd,(334) 382-6828
"Antioch Fellowship Baptist Church, Inc.",1537 Bernard Blvd,(405) 501-7103
Antioch Fellowship Baptist Church,9429 Santoro Sreet,(352) 684-8989
Antioch Fellowship,3679 Berryhill Rd,(850) 994-3111
Antioch Community Church,174 Oxmoor Rd Ste 200,(704) 607-8022
"Antioch, Florence",1198 Old Pearl Road,601-845-8383
"Antioch Community Bible Church, Dallas",4355 Wyoming St Apt 178,214-337-4369
Antioch Community Baptist Church,144 Brooks Woolsey Rd,
Antioch Community Baptist Church,200 Almeda Genoa Rd,713-434-7729
Antioch Church Family,55 E 18th,(925) 778-7454
Antioch Church,PO Box 2291,(562) 591-8778
Antioch Church,7315 Southside Drive,(502) 367-1987
"Antioch Christian Missionary Baptist Church, Dallas",1516 N Prairie Creek Rd,
Antioch Church of Jackson County Inc,99 E Jefferson St,(706) 363-0810
Antioch Christian Fellowship,10558 S W 35th Ave,(503) 998-9292
Antioch Christian Church,2921 Sevierville Rd,(865) 310-4692
Antioch Bible  Baptist Church,800 NE 72nd St,816-436-1649
Antioch Bynum,882 Bynum Blvd,
"Antioch Baptist Church, Wildwood",18319 Wild Horse Creek Rd,636-532-4020
Antioch Baptist Church/dc,1105 50th St NE,202-399-8118
"Antioch Baptist Church, Seymour",651 Antioch Rd,
"Antioch Baptist Church, Mexia",610 N Denton St,254-562-7673
"Antioch Baptist Church, Lovelady",4416 FM 230,936-636-7279
"Antioch Baptist Church, Lebanon",26011 Evanston Rd,
"Antioch, Brandon",2350 Highway 43 S,601-546-2464
Antioch West,2731 Bolling Rd,
Antioch Union Baptist Church,2810 Greenway Rd,(434) 610-0138
Antioch Southern Baptist Church,2601 E Mechanic St,816-884-5324
Antioch Missionary Baptist Church,9748 N IL Highway 148,(618) 244-0630
Antioch Missionary Baptist Church,318 Auburn Ave,248-335-4670
Antioch Southern Baptist Church,514 High Street,570-323-2425
Antioch Missionary Baptist Church,1082 Blue Hill Avenue,617-288-6559
Antioch Missionary Baptist Church,7547 Emerald St,(951) 688-7872
Antioch Missionary Baptist Church,2343 N San Antonio Ave,(909) 621-5369
Antioch Missionary Baptist Church,105 Doe Hill Rd,
Antioch Missionary Baptist Church,5154 Old Hwy 250,(912) 739-0718
Antioch Missionary Baptist Church,14330 NW 154th Pl,(352) 870-1680
Antioch Missionary Baptist Church,3920 W. Cardinal Drive,(409) 842-3146
Antioch Missionary Baptist Church,315 Texas St.,806-249-8020
Antioch Missionary Baptist Church,3883 Us Highway 183 S,(361) 655-28
Antioch Missionary Baptist Church,17422 Fm 317,(903) 873-8618
Antioch Lexington,505 Becks Nursery Rd,
Antioch Korean Baptist Church,3030 Bethany Ln,410-750-7911
Antioch Missionary Baptist Church,1001 N Walters,(210) 225-2452
Antioch International,821 S. Midvale Blvd,(608) 669-6721
Antioch Full Gospel Church of Dallas,9850 Walnut Street,972-699-9191
Amis Chapel,9198 Amis Chapel Rd,(919) 693-3193
Antioch First Baptist Church,2601 Una Antioch Pike,(615) 832-7486
Amiable Baptist Church,814 Melder Rd,(318) 659-4008
Amherst Bible Church,286 Wilson St,715-824-2221
Amherst Baptist Church,100 Willow Ridge Dr,716-691-9456
Amherst Baptist Church,226 Lexington Tpke,434-946-7823
"Ames, University Baptist Church",PMB 375; 809 Wheeler St STE #110,
"Ames, Grand Avenue Baptist Church",612 24th St,515-232-8803
Amherst,1024 Amherst Rd,(828) 437-7803
"Ames, Friendship Baptist Church",2400 Mortensen Rd,515-292-4539
"Ames, Cornerstone Church",56829 US Highway 30,515-232-5488
"Ames, All Nations Church",2732 Thompson Dr,
Ames Baptist Church,101 E Cleo,(580) 753-4254
American Myanmar Mission Church,4516 Cathedral Dr #1702,817-779-2910
"American Indian Baptist Church, San Francisco",422 Leland Ave,(415) 239-9204
Amelia Baptist Church,961167 Buccaneer Trl,(904) 261-9527
American Hungarian Baptist Church,2216 S Fremont Ave,(626) 289-7746
Amelia Baptist Church,9101 Amelia Street,804-561-4512
Amelia Baptist Church,8055 Brighton Street,409-866-4168
"Ambrose Baptist Church, Sherman",214 Munson St,903-965-7355
Amboy Baptist Church of Clark County,41605 NE Gerber McKee Rd,(360) 247-5010
Amboy Baptist Church,5628 MacArthur Dr,(501) 753-0309
"Ambassadors for Christ M.B.C., Jacksonville",1015 Border Street,903-541-0044
Ambassador Baptist Church,8430 Old Maple Ln,281-540-3075
Amazing Grace Worship Center,441 Adams Rd,(606) 794-9730
Amazing Jesus Christ International Church,600 N Queen ST,(310) 774-9150
Amazing Grace Fellowship,14465 RH Johnson Boulevard,(907) 862-4065
Amazing Grace Community Church,3725 Hartsville Rd,(615) 633-4670
Amazing Grace Church,917 N St NW,(202) 643-8083
Amazing Grace Church,155 NW 112th Ave,(754) 422-5193
Amazing Grace Church,1800 S C St Room 7,(805) 276-3629
Amazing Grace Church,18749 Crenshaw Blvd.,(808) 673-8210
Amazing Grace Bible Church,26121 Six Points Rd,
Amazing Grace Baptist Church,** Non-GBMB Church ** 2217 Ledo Rd,(229) 434-0469
Amazing Grace Baptist Church,947 Felder St,(229) 234-7321
Amazing Grace Baptist Church,6282 Lawrenceville Hwy,(404) 455-6802
Amazing Grace Baptist Church,1055 CHRISTIAN CHURCH ROAD,304-856-2773
Amazing Grace Baptist Church,14593 TX 123,(830) 386-0483
Amazing Church,3120 Hudson Crossing BLDG C,(972) 262-9464
Amaziah Baptist Church,1163 CR 10,
Amarillo Deaf Church,3817 Holiday Dr,806-359-3244
Amarillo Mizo Christian Church,4022 NE 26th Ave,717-507-8933
Amarillo Journey Church,9711 FM 2186,806-359-4939
Anchor Baptist,300 Futch Creek Rd,(910) 617-1832
Anastasia Baptist Church SR 16 Campus,110 Circle Drive E,(904) 471-2166
Anchor Baptist,972 NC 152 E,(704) 787-4193
Anastasis Fellowship Church,157 Merion Ln,(443) 220-8019
Anastasia Baptist Church,1650 A1A S,(904) 471-2166
Anapouo Church Hawaii,99-611 Ulune St,808-488-6115
Ana Jarai Baptist Church,4012 Central Ave,(704) 891-3284
Anaconda Baptist Church,422 Pickles Ford Rd,(314) 852-2253
Amy Baptist Church,2498 County Road 7320,(417) 256-4418
Amsterdam Baptist Church,8517 NW High St,660-267-3455
Amory First Baptist,303 1st Ave,662-256-7131
Amity Second Baptist Church,119 N Hill St,(870) 342-5823
Ammi Evangelical Baptist Church,1799 Flatbush Ave,718-282-7565
Amity Baptist Church,2468 Highway 389,(662) 567-7304
Amity,881 Amity Church Rd,(704) 240-9709
Amity First Baptist Church,218 E Texas St,(870) 342-5808
Amity,7967 N NC Highway 109,(336) 787-4779
Amity,2214 Old Line Rd.,
Amistad en Cristo (Christian Fellowship),757 S Orange Ave,(559) 545-7648
Amistad Cristiana International,3650 Browns Bridge Rd,(470) 892-6041
Amistad Cristiana Church,2006 60th St,
Amistad Cristiana,401 S Main St,432-686-0427
Anchor Way Church,40650 Anchor Way,970-879-7062
Anchor Way Baptist Church,3125 Virginia Ave,719-633-3476
Anchor Point Church,2340 Vickers Dr,(479) 739-4546
Anchor of Hope Community,6651 Moffett RD,(251) 639-0480
"Anchor Point Baptist Church, Independence",25501 E Bundschu Rd,(276) 791-0439
Anchor of Hope Baptist Church,5700 FM 439,254-721-6514
Anchor East,3801 San Mateo Blvd NE,(505) 263-2630
Anchor College Church,459 Sumark Way,(858) 525-5965
Anchor of Hope,12815 Kenai Spur Hwy,907-283-7672
Anchor Church Palos,6600 W 127th St,(708) 925-9296
"Anchor Church of Hampton Roads, Inc.",201 Market St,(757) 632-0741
Anchor Church at Portland,40 Church St,(850) 880-2161
Anchor Church,8400 Barstow NE,(505) 319-0823
Anchor Church,126 E Front St,573-620-5487
Anchor Church,4220 Belair Frontage Rd,(864) 554-0092
Anchor Church,2206 17Th St E,(205) 246-2911
Anchor Church,416 River Road,(207) 837-7484
"Anchor Baptist Church of Houston, Inc.",17330 W Little York Rd,281-859-1585
Anchor Baptist Church Inc,451 Ozora Rd,(770) 554-2250
Anchor Baptist Church,1548 Hwy 51,(501) 384-5575
Anchor Baptist Church,1009 Highway 7 S,662-234-8227
Anchor Baptist Church,16814 Pacific Way,360-642-2701
Anchor Baptist Church,3126 Riggs Ave,(859) 727-6400
Anchor Baptist Church,7910 S Meridian Rd,208-860-1486
"Andice Baptist Church, Florence",6570 Fm 970,254-793-2557
Andersonville First Baptist Church,3949 Andersonville Hwy,(865) 494-7675
Andersonville Baptist Church,6902 Dobbins Bridge Rd,864-225-8401
Anderson Mill Road Baptist Church,4371 Anderson Mill Rd,864-576-7548
Anderson Tully Baptist Church,22133 Highway 214 E,
"Anderson Mill Baptist Church, Austin",10633 Lake Creek Pkwy,512-258-5843
Anderson Hills First Baptist Church,1674 Eight Mile Rd,513-474-2441
Anderson Grove,2225 E Main St,(704) 982-2203
Anderson First Baptist Church,307 S Manning St,864-224-1622
Anderson First,245 Church St,(256) 247-3871
Anderson Drive Baptist Church,260 Anderson Dr,(912) 427-6225
Anderson Chapel Baptist Church,26711 Hwy 54 East,(870) 382-3425
"Anderson Creek Community Church, SBC, Inc.",2085 Ray Rd,(910) 436-0548
Anderson Baptist Church,PO BOX 784,936-873-3363
Anderson Chapel Baptist Church,820 Timothy Ln,936-327-5308
Anderson Baptist Church,214 Hempstead 7,
Anderson,74 Anderson Church Road,(334) 402-0710
Andalusia First,700 E Three Notch St,(334) 222-5152
Anclote River Baptist Church dba RiverRock,2728 Holiday Lake Dr,
Anchored Bible Church (a ministry of Baptist Temple),705 Paradise Rd,(209) 523-2580
Ancient City Baptist Church,27 Sevilla St,(904) 829-3476
Annandale Bible Church,7825 Heritage Dr,
Anchored in Truth Ministries,1915 Avalon Ave,(256) 381-7495
Anna Heights Baptist Church,100 Turner Ave,(618) 833-5916
Anna Street Baptist Church,1400 Anna St,(916) 804-0675
Annadale Baptist Church,1511 14th St,(559) 875-3212
"Ankeny, Cornerstone Baptist Church",701 E 1st St,515-964-3653
"Ankeny, First Family Church",317 SE Magazine,515-965-8300
Ann Arbor Chinese Christian Church,1750 Dhu Varren Rd,734-668-9128
Ankeny Gospel Church,PO Box 1397,
Angus Baptist Church,6155 S Interstate Highway 45 E,903-872-4673
Angus Acres Baptist Church,4401 S 129th West Avenue,(918) 245-0266
Anguilla First,102 Church Street,(601) 214-4306
Angier Baptist,155 S Hickory St,(919) 639-6114
Angie Baptist Church,64458 Royal St,(985) 986-2878
Angels Way Baptist Church,801 Angels Way,(870) 739-1110
Angeles Mission,824 Venice Blvd,(213) 629-1227
Angel’s Rest Baptist Fellowship,1601 Wenonah Ave,540-921-1234
Angel Grove Baptist Church,4404 Alabama Highway 204,(256) 435-3636
Angel Fire Baptist Church,63 South Angel Fire Road,575-377-3107
Andrews First Baptist Church,6 N Rosemary Ave,(843) 264-5746
Anew Life Ministry Missionary Baptist Church,3901 E 14th Ave,(219) 977-1402
Andrews First,1606 Business 19,(828) 321-5112
Andrew Chapel Baptist Church,1162 Trickhambridge Rd,(601) 824-8863
Andover Baptist Church,1009 Andover Rd,410-850-7117
Ansonville,167 Plank Road,(704) 475-0334
Answers Community Church,4495 Columbia Rd Ste 3,(240) 674-3667
Ansted Baptist Church,114 Holly Street,304-658-4321
Ansley Baptist Church,328 Ansley Rd,(318) 251-1827
Ansley,5219 County Road 1135,(334) 566-9197
Anselm Bible Church,7615 S Western Ave,(951) 212-2877
Another Chance Restoration Church,2519 FOXGLOVE DR,
Another Chance Church,9550 S Harvard Ave,(773) 998-1641
Another Chance Church,2200 Willow Street,(334) 413-2783
Andover Baptist Church,1043 S Andover Rd,316-733-2455
Anothen Church,236 Choate Ave,(704) 724-5029
Anon,20867 US Highway 31,
Anointing Ministry Church,2902 Montrose Avenue,(818) 279-1262
Anointed Word Christian Ministries,400 Technology Ct SE Ste J,
Anointed Vision Baptist Mission,3006 Central Heights Rd,(919) 778-3006
"Anointed Fellowship, Dallas",7230 S Hampton Rd,(972) 228-8453
Anointed By Faith,129 Sunset St,(706) 443-5095
Anointed Grace Ministries,456 W 167th St Apt 3B,(646) 574-9583
"Anointed Gospel Tabernacle, Gun Barrel City",519 Gun Barrel Lane,
Anointed Baptist Church,126 Arlington Street,508-333-7931
Annville Baptist Church,120 Church St,(606) 364-2832
Annistown Road Baptist Church,4554 Annistown Rd,(770) 979-2422
Anniston First Baptist Church at McClellan,851 Morton Rd,(256) 847-0230
Antioch,580 Antioch Church Rd,(828) 632-2929
Antioch,1707 White Cross Rd,(919) 929-2230
"Annaville Baptist Church, Corpus Christi",4025 Violet Rd,361-241-9557
Annie Mary Baptist Church,327 Highway 11,(770) 464-0303
Antioch,9 Antioch Church Rd,(828) 620-1265
Antioch,148 Drum St,(336) 626-0818
Antioch,542 Iron Duff Rd,(828) 627-1200
Antioch,1298 Antioch Church Rd,(336) 984-2323
Antioch,137 Antioch Ave,(336) 789-2057
Antioch,677 Antioch Church Rd,(336) 597-3755
Antioch,16920 Stokes Ferry Rd,(704) 209-6155
Antioch,3387 E Highway 150,(704) 732-1351
Antioch,6670 Old US Highway 421,(910) 893-5984
Antioch,1237 Rozier Siding Rd,(910) 740-5852
Antioch,6223 Love Mill Rd,(704) 753-4977
Anthony Grove,100 Anthony Grove Rd,(704) 435-6001
Anthony Drive Baptist Church,PO Box 9,972-875-3632
Anthology Church of Studio City,12621 Rye St.,(818) 468-6693
Anthony Baptist Church,2551 NE 98th St,(352) 732-5600
Anthem Community Church,10885 S. Eastern Ave. Suite 100,702-750-2970
Anthem Church of Coastal North County,760 Sycamore Ave Ste C,(760) 330-5779
Anthem Church,455 W Depot St,(919) 414-6151
Anthem Church,2604 Paris Rd,(515) 553-9551
Anthem Church,7777 S Garnett Road,(918) 794-7200
Antelope Valley Chinese Baptist Church,405 E Avenue J,(661) 729-5576
Antioch,20189 Veterans Memorial Pkwy,
Antelope Baptist Church,132 Valentine St.,940-378-2447
Antioch,3306 County Road 3310,(334) 566-6754
Antioch,71 Antioch Rd,
Antioch,1501 Antioch Rd,(251) 846-3037
Antioch,14617 County Rd 82,
Antioch,139 Countess Rd NE,
Antioch,420 County Road 18,(256) 287-0700
Antioch,1677 Duncan Rd.,(205) 221-2426
Antioch,2454 Mountain Gap Rd,(205) 487-3106
Antioch,827 County Road 1659,
Antioch,8424 County Road 2,(205) 489-5483
Antioch,88 County Hwy. 49,(205) 429-2248
Antioch,Highway 586,(601) 310-7093
Antioch,1700 Midway Rd SE,(910) 253-5323
Antioch,5089 Old Whiteville Rd,(910) 739-9425
Antioch,1463 Antioch Church Rd,(910) 640-1467
Antioch,821 Hwy 9 N,
Antioch,3258 Brozville Rd,(662) 834-2651
Antioch,22 E Lincoln Rd,601-833-7726
Antioch Baptist Church,5203 County Rd 795,(386) 362-3101
Antioch Baptist Church,130 1st St,(256) 878-4721
Antioch,2441 Antioch Rd,(828) 437-7740
Antioch Baptist Church,2650 McIntosh Rd,(256) 831-5313
Antioch Baptist Church,1555 County Road 56,(256) 623-3037
Antioch Baptist Church,4164 State Hwy 172,(205) 269-5244
Antioch Baptist Church,1115 Antioch Rd,(334) 300-1525
Antioch Baptist Church,27 Antioch Church Rd,(706) 745-4350
Antioch Baptist Church,1205 Antioch Dr,(706) 278-1305
Antioch Baptist Church,2479 Antioch Church Rd NW,(706) 283-5693
Antioch Baptist Church,236 Crow Gap Rd,(423) 903-1895
Antioch Baptist Church,3923 Antioch Rd,
Antioch Baptist Church,1055 Old Highway 100,
Antioch Baptist Church,31 Antioch Church Rd,(770) 258-5104
Antioch Baptist Church,2175 Antioch Church Rd,(706) 754-2687
Antioch Baptist Church,2666 Dews Pond Rd SE,(706) 625-3866
Antioch Baptist Church,2465 Antioch Rd,(678) 456-8684
Antioch Baptist Church,135 Railroad St,(706) 759-0077
Antioch Baptist Church,3986 State Route 1372,(270) 472-0950
Antioch Baptist Church,4981 Sulphur Well - Knob Lick RD,(270) 565-4244
Antioch Baptist Church,315 Antioch Church Rd,(270) 665-5998
Antioch Baptist Church,7596 Duncan Ridge Rd,(270) 755-2656
Antioch Baptist Church,2152 Paris Karr RD,(606) 523-9105
Antioch Baptist Church,500 West Broadway,(918) 682-7603
Antioch Baptist Church,40022 S CR 4460,(918) 967-8556
Antioch Baptist Church,3835 Bonlee Carbonton Rd,(919) 837-5591
Antioch Baptist Church,100 S. Cedar,(918) 913-8063
Antioch Baptist Church,8490 NC Highway 39,(919) 965-8249
Antioch Baptist Church,1111 Antioch Rd,(706) 474-1913
Antioch Baptist Church,1415 Holloway St,(919) 688-8893
Antioch Baptist Church,4526 Big Texas Valley Rd NW,(706) 232-7248
Antioch Baptist Church,210 Handley St,(706) 812-4885
Antioch Baptist Church,2269 Barnesville Hwy,(706) 472-3373
Antioch Baptist Church,2235 Antioch Church Rd,(478) 272-1590
Antioch Baptist Church,4539 Ellenton Omega Rd,(229) 272-1333
Antioch Baptist Church,1873 Harts Mill Rd,(229) 859-2583
Antioch Baptist Church,7507 Old Gordon Rd,(478) 743-1686
Antioch Baptist Church,275 Antioch Church Rd,(706) 327-9514
Antioch Baptist Church,5355 Seminole Rd,
Antioch Baptist Church,Antioch Ch Rd and Pulaski High School Rd,
Antioch Baptist Church,638 Antioch Church Rd,(912) 294-1156
Antioch Baptist Church,1872 Briarwood Rd,
Antioch Baptist Church,706 Antioch Rd,(229) 273-2563
Antioch Baptist Church,8102 Waters Ave,912-354-8815
Antioch Baptist Church,RR 1,(618) 728-4467
Antioch Baptist Church,4824 Antioch Rd,(850) 682-4297
Antioch Baptist Church,284 McCall Bridge Rd,(850) 627-3813
Antioch Baptist Church,3612 NW 177th Ave,(386) 462-2768
Antioch Baptist Church,2030 Antioch Church Rd,(229) 221-3376
Antioch Baptist Church,6237 Front St,(910) 980-1073
Antioch Baptist Church,1121 Bethlehem Rd,843-332-9824
Antioch Baptist Church,RR 3 Box 2090,
Antioch Baptist Church,1875 Antioch Rd,803-432-7286
Antioch Baptist Church,1843 Sc Highway 23 W,803-637-3977
Antioch Baptist Church,1477 W E Jeffcoat Rd,803-568-2296
Antioch Baptist Church,4070 Heathsville Rd,(252) 445-2444
Antioch Baptist Church,2080 Highway 129,843-358-6390
Antioch Baptist Church,18 Campbell Rd,843-658-7193
Antioch Baptist Church,13683 Highway 221,864-969-3184
Antioch Baptist Church,169 Antioch Church Rd,
Antioch Baptist Church,991 Antioch Church Rd,
Antioch Baptist Church,3415 Wilson School Rd,(731) 989-9042
Antioch Baptist Church,218 Canal St,
Antioch Baptist Church,2807 Old Alabama Rd SW,
Antioch Baptist Church,839 Antioch Rd,864-936-7726
Antioch Baptist Church,425 Antioch Rd,(731) 783-5330
Antioch Baptist Church,9327 Tibbs Rd,(901) 491-5783
Antioch Baptist Church,989 Antioch Church Rd,
Antioch Baptist Church,484 Antioch Church Rd,(731) 538-9669
Antioch Baptist Church,1014 Antioch Rd,(423) 929-3931
Antioch Baptist Church,2524 Indian Creek Rd,(865) 397-2044
Antioch Baptist Church,10306 SW 67th ST,(580) 704-2824
Antioch Baptist Church,11812 Highway 80,(318) 382-5991
Antioch Baptist Church,3501 Highway 828,(318) 368-3591
Antioch Baptist Church,2161 Edgerly Dequincy Rd,
Antioch Baptist Church,15937 Highway 175,(318) 872-3126
Antioch Baptist Church,43 Antioch Rd,(318) 728-4047
Antioch Baptist Church,50113 Antioch Rd,(985) 345-9314
Antioch Baptist Church,3315 Dixie Hwy,(502) 448-4070
Antioch Baptist Church,2607 Antioch Church Rd,(662) 585-3570
Antioch Baptist Church,4247 Hwy 421 S.,(502) 592-5509
Antioch Baptist Church,560 Dess Rd,(318) 586-7825
Antioch Baptist Church,2241 Slagle Loop,(337) 238-0160
Antioch Baptist Church,12150 Road 298,(662) 542-8382
Antioch Baptist Church,50235 Acker Rd,662-256-4186
Antioch Baptist Church,4088 Antioch Rd,(601) 892-5559
Antioch Baptist,4285 Pleasant Hill Rd,662-773-2264
Antioch Baptist,396 County Road 518,(662) 728-3253
Antioch Baptist,929 County Road 3,
Antioch at Martling Baptist Church,1953 Needmore Rd,
Antioch at Columbiana,2870 Highway 61,(205) 669-9706
Antioch #2 Baptist Church,8245 CR 10,(205) 739-8705
Antioch #2 Baptist Church,180 Antioch South Rd,(229) 362-4135
"Antioch Baptist Church, Aubrey",7478 Fm 2931,940-365-3521
Antioch Baptist Church,1611 Hwy 18,601-725-4507
"Antioch Baptist Church, Atlanta",5820 Fm 2791,903-796-2789
Antioch Baptist Church of Hawaii,98-612 Moanalua Loop,808-488-7552
"Antioch Baptist Church of Eagle Lake, Inc.",4335 Transport Rd,(863) 224-3740
Antioch Baptist Church,6700 Barnesville Hwy,434-735-8101
Antioch Baptist Church,203 6th St,(806) 492-3913
Antioch Baptist Church,6080 Highway 45 N,(601) 573-4890
Antioch Baptist Church,793 County Road 313 W,903-597-6131
Antioch Baptist Church,455 Pink Hill Rd.,903-965-7312
Antioch Baptist Church,1734 Antioch Church Road,803-285-3922
Antioch Baptist Church,135 Cook Rd,(615) 325-4359
Antioch Baptist Church,20230 Peters Bridge Rd,434-535-8164
Antioch Baptist Church,4422 Antioch Rd,434-286-6315
Antioch Baptist Church,454 Lloyds Rd,804-443-9232
Antioch Baptist Church,11484 Saint Just Rd,540-854-7757
Antioch Baptist Church,1271 CR 412,601-776-2639
Antioch Baptist Church,1645 Fm 2608,936-591-9472
Antioch Baptist Church,16513 Waterfall Road,(540) 687-6454
Antioch Baptist Church,PO Box 267,254-754-1558
Antioch Baptist Church,1044 High School Rd,601-394-2657
Antioch Baptist Church,907 E Murchison St,903-723-7261
Amanuel Ethiopian Evangelical Church,5411 Franconia Rd,(703) 678-0700
Amanuel Ethiopian Eritrean Fellowship Church,2432 W Gate City Blvd,(702) 945-8184
Amagon Baptist Church,100 S Duncan,
Alverson Grove Baptist Church,3695 Peachtree Rd,864-592-9317
"Alpha Baptist Church, Laredo",690 SE 70th St,(660) 286-3235
Alpha Baptist Church,245 Saint Johns Rd,(423) 581-3237
Altamont Baptist Church,1440 Main St,(931) 692-3984
Altamahaw,3445 Altamahaw Church St,(336) 584-1242
Alexander First Baptist Church,15320 Alexander Rd,
Alexander City First,64 Court Sq,(256) 234-6351
Alexander Memorial,208 S Main St,(704) 825-3216
Alexander Memorial Baptist Church,525 James Crossing Rd,(662) 645-9758
Aiken Baptist Church,925 UTICA ST,806-296-5654
Alamo Navajo Baptist Church,ALAMO ROUTE,575-854-2228
Aimoch Baptist Church,235 Highway 503,(318) 316-3689
Ai Baptist Church,3079 County Rd. 62,(256) 748-8865
Agape Missionary Baptist Church,1488 W Lincoln Trail Blvd,(270) 877-0836
Agape Missionary Baptist Church,110 South Oporto Madrid,(205) 833-9960
Agape Missionary Baptist Church,1832 S Griswold St,
Agape Mission Church,331 Haywood Lane,(615) 429-3962
Agape Mission Center,3305 Norbeck Rd,(301) 924-9191
Agape Mission Baptist Church,1635-A Palolo Ave.,808-735-0011
Agape Ministries,1300 Pittsburg Ave NW,760-705-7141
Agape Life Ministries Inc.,8568 Laureldale Drive,301-725-6525
Agape Korean Baptist Church,1948 The Alameda,(408) 493-3966
Agape Korean Baptist,87 Tulip Ln,937-256-0387
Agape Korean Baptist Church,797 Sanders Rd,(224) 522-9441
Agape International Church and Ministries,605 W Madill St,(925) 709-4424
Agape International Baptist Church,6848 Elmwood Ave,(215) 386-1865
Agape Global Ministries,2841 Old Steele Creek Rd,(704) 563-4496
Agape Fellowship Baptist Church,"2195 SE Airoso Blvd Port St Lucie Community Center, Room E",(954) 654-6796
Agape Fellowship,1703 W Worley St,
Agape Fellowship,PO Box 865,(907) 723-1787
Agape Deaf Baptist Church,5485 Five Forks Trickum Rd,(470) 610-4555
Agape Community Fellowship Church,1420 W Everman Pkwy,817-263-4221
Agape Ebenezer Karen Baptist Church,3900 Southwest Blvd,817-923-6800
Agape Community Bible Church,12320 Beechnut St,832-398-0182
Agape Community Baptist Church,14455 Penasquitos Dr,(619) 944-7777
"Agape Church of Dallas, Allen",703 S Greenville Ave,(817) 896-0815
Agape Church,3870 Atlantic Blvd,(904) 365-9200
Adventure Church,2901 Luxford Ct,757-484-4693
Adventure Bible Church,1905 S Main St,
Advance First Baptist (AFBC),1938 NC Highway 801 S,(336) 998-6302
Advance Baptist Church,10069 Highway 1078 North,(270) 827-1481
Adullam Christian Ministries,141 Oak St,(828) 447-0648
Adriel Missionary Baptist Church,215 Adriel Dr,(865) 993-4264
Adriel Baptist Church,2836 Olney Rd,
Adrian Baptist Church,102 Nora Blvd,(478) 668-3589
Adoniram Baptist Church,6963 County Road 65,(334) 790-1120
Adonia Church,175 Ranch Vista Dr,(828) 778-9630
Adonai Community Baptist Church,6001 Elmwood Avenue,215-662-0572
Admant Missionary Baptist Church,8904 US Highway 421,276-546-3874
Adirondack Community Church,918 CR 60,315-848-2503
Adiel Baptist Church,1032 Highway C,
Adial Baptist Church,1090 Adial Rd,(540) 487-8216
Adger,4605 Adger Church Rd,
Adgateville Baptist Church,37 Clay Tillman Rd,
Adelphos World Missionary Church,2630 Ginger Dr,(678) 308-1257
"Adel, FSOBC",708 Nile Kinnick Dr S,515-993-3418
Adellum,12514 Brooklyn Road,(334) 222-0843
Adaville Baptist,805 Oakland Rd,(828) 286-2361
Addington Baptist Church,Hwy 81 & Purdy Rd.,(580) 439-5961
Adaton Baptist Church,2872 MS Hwy 182,662-323-3735
Adat Shalom Messianic Congregation,11306 Inwood Rd,972-271-4976
Agape Christian Fellowship Bay Area,42200 Albrae St Holiday Inn Express,(510) 371-1057
Agape Christian Fellowship,2631 S Cedar Creek Rd,(803) 353-5200
Agape Chinese Christian Church at Fairfax Station,3616 Jermantown Rd,
Agape Chinese Christian Church,8006 Centreville Rd,(202) 780-5720
Agape Chinese Christ Church,2202 Jefferson Davis Hwy,(202) 908-9388
Agape Chinese Baptist,1500 Suther Rd,(973) 699-2308
Agape Chinese Baptist Church,1108 N 6th Street,(918) 258-7722
Agape Bible Fellowship,2560 N Main St,937-277-7591
Agape Bible Fellowship,220 Monee Rd,
Agape Bible Christian Fellowship,249 East Market Street,276-806-4078
Agape Baptist Church,4283 W Park Ave,
Agape Baptist Church,1300 US Hwy 41,
Agape Baptist Church,78 Dick Hayes Rd,(256) 574-5992
Agape Baptist Church,6829 Hwy 79 N,(205) 681-5683
Agape Baptist Church,39735 Chancey Rd,(813) 788-3330
Agape Baptist Church,3920 Alton Pl NW,202-966-2259
Agape Baptist Church,6200 NW 50th Ave,352-840-0186
Agape Baptist Church,1109 W 24th Ave,(229) 276-1038
Agape Baptist Church,27695 GA Highway 46 W,(912) 685-5168
Agape Baptist Church,198 New Cut Rd,(864) 449-1247
Agape Baptist Church,3455 Atlas St.,(619) 398-5516
Agape Baptist Church,3316 Roy Messer Highway,(865) 660-7709
Agape Baptist Church,2606 N Council Road,(405) 485-4300
Agape Baptist Church,9603 Braun Rd,210-521-6027
Agape Baptist Church,970 A St,(702) 726-3100
Agape Baptist Church,13220 156th Ave SE,(425) 440-8148
Agape Baptist Church,2354 Highway 41 S Ste P,(615) 384-3393
Agape All Nations Church,9515 BRIGGS ST,972-240-2946
Agape Baptist Church,8515 Greenville Ave,(469) 471-3836
Agape Baptist Church,220 E 20th St,307-778-6007
Afrika Community Church,8515 Greenville Ave # 14,214-780-6495
Afton Baptist Church,PO Box 54,806-291-8254
African Unity Fellowship,3425 Greenville Ave.,469-348-3643
African United Church,758 Hamilton St,
African International Baptist Church,2212 N Davis Dr,(682) 222-2864
African Fellowship Church,2043 Kingsbridge Drive,(214) 232-3797
African Evangelical Baptist Church,770 E WARRIOR TRL,972-263-1554
African Community Baptist Church,1510 E. Cornell St.,770-912-3227
African Ministry Church,5522 Whitman Avenue,
African Baptist Church,550 Garfield Ave,(816) 372-0898
African Baptist Church,5141 N 23rd Ave,(602) 422-4019
Africa Lighthouse Baptist Temple,3468 Gilbert Station Rd,434-760-5740
Afghan Christian Fellowship Church of Los Angeles,2526 Homestead RD,(714) 686-1765
Aetna Grove Baptist Church,2383 Aetna Grove Church Rd,(270) 299-6095
Afghan American Church,38451 Fremont Blvd,(916) 919-6181
Aenon,7503 Town Creek Rd,(252) 236-4791
Aenon Baptist Church,6073 Blountstown Hwy,(850) 576-6911
Ailey Baptist Church,327 S Broad St,
Aetna Union Baptist Church,5385 Bailey Rd,
Aiken Grove,2470 Sipsey Rd,(205) 706-8819
Aiken First Baptist Church,120 Chesterfield St N,803-648-5476
Akasvmkv Baptist Church,400 S Wewoka Avenue,(405) 257-3091
Ajo Calvary Baptist Church,740 W Rocalla Ave,(520) 387-6242
Airway Heights Baptist Church,12322 W Sunset Hwy,509-244-2474
Airway Baptist Church,4658 Airway Rd,937-253-1481
Airway Baptist Church,7806 Rowe Ln,713-991-2364
Airview Baptist Church,2301 Airport Rd,(334) 745-6670
Airport Gardens Baptist Church,32 Sumac Ave,(606) 731-6314
Airport Boulevard Baptist Church,6301 Airport Blvd,(251) 342-3280
Airport Baptist Church,2264 Highway 332,(662) 688-4238
Ahpeatone Baptist Church,RT.2,
Airport Baptist Church,1269 Boston Ave,803-794-9353
Ahoskie Church,500-504 Kiwanis St,
Ahloso First Baptist Church,17209 County Road 99 Dr,
Agua Viva Spanish Mission,1301 W Linebaugh Ave,(813) 872-1571
Ahava Baptist Church,6015 W Farkas Rd,(813) 737-3739
"Agua De Vida Baptist Church, El Paso",10061 Rushing Rd,(915) 479-8379
"Agua Dulce Baptist Church, Agua Dulce",1308 Longhorn Dr,361-998-2561
Agricola Baptist Church,7268 Barton Agricola Rd,601-947-2460
"Agios Baptist Community of Faith, International",9302 Old Keene Mill Rd Ste C,(703) 585-3246
Agape’ Baptist Church,25353 Walker South Rd,(225) 369-2000
Ages Baptist Church,150 Smith Avenue,
Agape Vietnamese,2633 Altamesa Blvd,
Agape Univision Baptist Church,424 SW 9th Ave,(561) 503-3924
Agape United Christian Fellowship,5413 COWDEN ST,
Agape Praise International Ministries,"FBC, Essex 911 Mace Avenue",443-447-7048
Agape Outpost Baptist Chapel,15404 Highway 9,970-453-1247
Agape Nepali Baptist Church,5200 Far Hills Ave.,(937) 750-9852
"Airline Manor Baptist Church, Houston",610 E Parker Rd,713-695-1427
Agape Myanmar Mission,4747 College Ave,(619) 279-6376
Airport Baptist Church,776 S Batesville Rd,(864) 738-4729
Airline Baptist Church,4007 Airline Dr,(318) 746-3495
Airline Baptist Church,1942 Clay Street,(270) 826-3978
Airline Baptist Church,421 N Lester Ave,(504) 737-7921
Air Park Baptist Church,521 N Orange St,(904) 964-8358
Airline Baptist Church,200 NE County Rd 354,(386) 294-2676
Air View Baptist Church,184 Cabbage Patch Rd,(931) 808-9859
Air Line Baptist Church,3368 White Sulphur Rd,(770) 534-5682
Ainsworth Baptist Church,G-5114 Van Slyke Rd,810-407-6452
Aimwell Baptist Church,2770 County Road 17,(000) 000-0000
Aina Haina Baptist Church,615 Hind Iuka Dr,808-373-1607
Aimwell Baptist Church,1892 Highway 1215,(318) 645-9955
Aimwell Baptist Church,3592 Webb Camp Rd,(318) 992-6031
Alamo Heights Baptist Church,6501 Broadway St,210-824-9539
Alamo Heights Baptist Church,110 Trinity Shores Dr.,361-552-2532
Alamo Heights Baptist Church,1305 N Midland Dr,432-697-3101
Alamo First Baptist Church,33 W Lucille Ave,(912) 568-7432
Alamo First Baptist Church,2400 Highway 88 S,(731) 696-2555
Alamo Community Church Downtown,525 S Saint Marys St,(361) 876-7352
Alamo Community Church,5354 Talley Rd,(210) 253-2646
Alamo Baptist Church,5713 Alamo Church Rd,(731) 414-4566
Alamo City Christian Fellowship Church,PO Box 39910,210-654-7880
Alameda Baptist Church,8818 2nd St NW,505-898-2625
Alameda Immanuel Church Inc.,2133 Central Ave,(510) 390-4155
Alameda Baptist Church,3100 Central Ave,(510) 522-2363
Alameda Baptist Church,1503 East Alameda Street,(405) 329-5157
Alamance Baptist Church,117 County Road 4667,903-795-3455
Alachua First Baptist Church,14005 NW 146th Ave,(386) 462-1337
Alafia Baptist Church,222 Alafia Church Rd,(813) 634-8845
Alabanza Evangelical Baptist Church Inc.,11500 NW 12 Ave,(786) 285-1181
Alabama Baptist Church,16061 Highway 151,(512) 423-8292
Alafia Baptist Church,3623 Eastern Ave,301-985-3090
Akron Hmong Baptist Mission,5191 Waterloo Rd,(330) 206-1208
Akron Baptist Church,3690 4th Ave S,(334) 624-6993
Akin Missionary Baptist Church,22054 Black St,
Alder Branch Baptist Church,809 Alder Branch Rd,(865) 453-4594
Akersville Baptist Church,6868 Akersville Rd,(615) 633-6805
Alcovy Mountain Baptist Church,2680 H D Atha Rd,(770) 267-8602
Alcova Community Church,21925 S. Kortes Rd.,307-472-0460
Alcoa First Baptist Church,819 Gilbert St,(865) 982-2661
Alco Baptist Church,102 Fleming Lane,(251) 867-6643
Albuquerque’s First Baptist Church,4101 Paseo Del Norte Blvd NW,505-247-3611
Albuquerque Deaf Baptist Church,9212 Trumbull Ave.,
Albuquerque Chinese Baptist Church,2721 Arizona NE,
Albion,131 Big Sky Trl,(336) 351-2718
Albertson Missionary Baptist Church,3736 NC Hwy 903 N,(252) 568-1110
Alberton New Life Baptist Assembly,3752 Highway 134,(334) 565-3260
Alberta,2210 University Blvd E,(205) 553-6520
Alberton Baptist Church,3633 Highway 134,(334) 565-3002
Alberene Baptist Church,2728 Plank Rd,(434) 962-3201
Albemarle First,202 N 2nd St,(704) 982-2111
Albany Baptist Church,Utica & Johnson Streets,(580) 924-8818
Albany Living Hope Church,1221 Marin Ave,(707) 665-0778
Alaska Iu-Mienh First Baptist Church,4301 Mt View Dr,907-338-7863
Alarka,3407 Alarka Rd,(828) 586-2779
"Alas De Aguila Baptist Church, Fort Worth",5440 W Bailey Boswell Rd,(985) 500-9127
Alapaha Baptist Church,22308 Main St,(229) 532-5745
Alanthus Hill Baptist Church,14129 Alanthus Hill Rd,(865) 585-0264
Alanreed Baptist Church,PO Box 74,
Alexander Baptist Church,4316 Pamela Court,757-405-5572
Alexander Baptist Church,4366 Highway 139,(870) 240-0003
Alana Lane Baptist Church,311 Alana Ln,281-292-6770
Alexander,1 Fletcher Martin Rd,(828) 667-3064
Aletheia Gainesville,9818 SW 24th Ave,(352) 325-1220
Aletheia Tampa,17400 Commerce Park Blvd Liberty Middle School,
Aletheia College Park,5101 Pierce Ave,
Aletheia Fellowship,4603 Old Randleman Rd,(336) 706-2960
Aletheia Church (Harrisonburg),801 Parkwood Dr,540-217-0131
Aletheia Church,1090 W State Route 89A,(928) 282-7405
Aletheia Church,7816 Madison Avenue,317-881-8485
Aletheia Church,8378 Blackmon Rd,(706) 426-3075
Aletheia Chinese Christian Church,3215 Oak Meadow Ln,
Aletheia Baptist Fellowship,909 Grider Rd,(931) 858-4888
Aldridge Community Baptist Church,45 Vining Rd.,(205) 686-7400
Aletheia Baptist Church,1711 Oglesby Pl,(478) 745-4342
Aldrich First Baptist Church,1164 County Road 10,
Alder Springs Baptist Church,PO Box 1752,
Alder Springs Baptist Church,604 Alder Springs Rd,
Alder Springs Baptist Church,708 Hickory Star Rd,
Alder Street Baptist Church,1010 Alder Street,(360) 209-4310
All Nations Fellowship,5146 S Country Club Rd,972-303-6511
All Nations Discipleship Church,7100 Harps Mill Rd,(919) 616-9774
"All Nations Church, Henrietta",990 Pinnacle Rd,585-334-4766
All Nations Evangelical Church,1550 Havana,(720) 398-1873
"All Nations Church, Fort Worth",4101 Ferguson Dr Apt 115,(817) 600-9907
"All Nations Church, Brooklyn",251 12 Street,718-982-8348
All Nations Church of Gardena,19950 Mariner Ave,(408) 854-0466
All Nations Church North Carolina,3830 Perennial Terrace Dr,(980) 382-2303
All Nations Church – Boston,14 Indiana Avenue,857-233-6813
All Nations Church,3614 Drake Ave SW,(256) 539-3729
All Nations Church,767 N Castledale Ave,(520) 610-7255
All Nations Baptist Church,6670 Vaughn Road,(256) 679-6393
All Nations Church,7609 N State Route 9,816-309-2329
All Nations Baptist Church,201 Biltmore Rd,
All Nations Baptist Church,11318 Flallon Ave,(562) 929-6952
All Nations Baptist Church,4105 Westerville Road,(614) 446-8804
All Nations Baptist Church,324 South 9th,(903) 253-3511
All Nations Baptist Church,,(580) 357-3008
All Nations Baptist Church,302 Honor Heights,
All Nations,9130 Baileywick Rd,(919) 422-7787
All Nations,120 S. 6th Street,(918) 652-1525
All Nations,301 S Davidson St,(704) 332-9930
"All Around Cowboy Church of Jewett, TX",1181 FM 1146,903-626-7676
"Alive Fellowship Church, El Paso",5505 Will Ruth Ave,(915) 539-1781
Allen Baptist Church,5533 Us Highway 79 N,(731) 772-3930
Allegheny Baptist Church,3221 Allegheny Loop Rd,(865) 856-8999
Alleghany Baptist Church,416 Alleghany St,540-951-1184
Allaso Ranch Church,2302 Private Road 7850,(903) 769-7300
All-nations Baptist Church,590 W South Boundary St Fbc Perrysburg,
Allansville Baptist Church,1270 Red River Rd,(859) 771-7056
Allardt First Baptist Church,1478 Pennsylvania Ave,(931) 879-6232
"All Welcome Christian Church, Houston",5026 Langley Rd Bldg B,281-459-9683
All Tribes Baptist Chapel,1056 Pinewood DR,(510) 797-3221
All Saints Church,112 Lincoln Ave 515,(570) 765-8621
All Saints Baptist Church,4260 W Page Blvd,314-531-2094
All Peoples Fellowship,130 Shawnee Dr,(630) 280-8046
All Peoples Community Church,4500 Dixie Hill Rd,(202) 596-5556
Alive Church,3213 Bellas Artes Cir,(925) 786-8240
Alive Baptist Church,15602 SW 63rd Ter,(786) 503-9916
All Points Church at Hudson,7694 Forbush Circle,(330) 247-8955
"Aliento Divino, Austin",1000 Payton Gin Rd Ste M,(512) 586-3443
Alief Baptist Church,906 Avenue A,281-391-6894
Alicia Baptist Church,160 Vine St,
Aliceville First Baptist Church,323 Broad St NW,(205) 373-8151
"Alice Drive, Pocalla Campus",65 Masters Dr,(803) 481-5330
"Alice Drive, Bishopville Campus",397 Chappell Dr,
Alice Drive Baptist Church,1305 Loring Mill Rd,803-905-5200
Alice Bell Baptist Church,3305 Alice Bell Rd,(865) 522-0136
Aliante Community Baptist Church,7394 N Aliante Pkwy,702-354-3712
Algoma,1037 Algoma Rd,(662) 419-6266
Alford Heights Baptist Church,235 Byles St,(318) 256-5400
Alford Baptist Church,1764 Carolina St,(850) 573-3249
Alfa Y Omega Misi√≥n Bautista,PO BOX 779,
Alfalfa Baptist Church,23082 State Hwy 58,(580) 637-2530
Alfa y Omega Baptist Church,1938 Maple St. Suites F & G,
Alexis Baptist Church,870 County Road 685,
Alexis Baptist Church,118 Alexis Church Rd,(704) 263-2301
Alexandria Korean Baptist Church,1801 Construction Rd,(318) 787-5973
Alexandria Bay Baptist Church,41 Bolton Ave,315-482-3426
Alexandria First Baptist Church,101 Locust St,(615) 529-2674
Alexandria Baptist Church,175 Stadium Dr,(256) 525-6543
Alexandria Baptist Church,124 S Mulberry St,660-754-5036
All Peoples Church,3041 4th Ave S,(805) 404-3292
All People Unity Baptist Church,12226 2nd St,(909) 534-0843
All People Mission Church,12471 Paseo Cerro,(808) 250-1784
All People Mission Church,620 Waipa Ln,808-845-2111
All Nations Prayer-Worship Center Studying The Scripture,5730 W Manchester Ave,(626) 502-0107
All Nations Winners Church,9962 Balboa Island,
All Nations Korean Baptist Mission,418 Bryn Athyn Blvd,(850) 862-4811
All Nations Jesus Community,1881 St John RD #37D,(714) 799-0777
All Nations Harvest Church,1334 Shoreview CT,(408) 313-0266
All Nations Fellowship of Dallas,2300 W Pioneer Dr,
Alliance Church,5825 34th St,806-799-7948
Alliance Baptist Mission,523 W Myrtle Beach Hwy,(843) 250-5679
Allheart Church,3824 N Shary Rd,956-585-4711
Alliance Baptist Church,8400 Park Vista Blvd.,817-427-4375
Allenville Baptist Church,175 N Emmons St,
Allensworth Christian Church,3765 Young Rd,(661) 849-3629
Allgood,4724 Old Hwy 75,
Allensville Baptist Church,1260 1st Ave,
Allens Chapel,90 Allens Chapel Rd,(803) 571-8752
Allens Creek,549 Allens Creek Rd,(828) 456-5959
Allendale First Baptist Church,259 Memorial Ave S,803-584-2318
"Allendale Baptist Church, Conroe",14535 Allendale Ln,936-231-1122
Allendale Baptist Church,1745 Ira Wright Rd,
Allendale Baptist Church,4650 Allendale Rd,940-692-8152
Allendale Baptist Church,2306 Main Street,
Allen’s Point Baptist Church,301 County Road 2775,903-378-7038
Allen Street Baptist Church,210 W Allen St,660-885-2127
Allen Memorial Baptist Church,6602 Allen Switch Rd NW,
Allen Memorial Baptist Church,1303 Snow Hill Road,410-742-2659
Allen Memorial,1222 Longbranch Rd,(704) 457-4044
Allen Heights Baptist Church,1309 E Main St,972-727-9136
"Allen Family of Faith, Wylie",802 Autumn Hill Dr,214-538-2197
Allen Grove Baptist Church,2170 Dawson Springs RD,
Allen Baptist Church,354 US Highway 23 South,(606) 949-1810
Altamaha Baptist Church,6622 Oglethorpe Rd,(912) 586-6780
Altamaha Baptist Church,8385 Nails Ferry Rd,(912) 367-1300
Alta Woods Baptist Church,168 Colonial Dr,601-372-8651
Alta Vista Baptist Church,10653 Prairie Ave,
Alta Canyon Baptist Church,11194 S 1000 E,801-572-0747
Alta Vista Baptist Church,2900 Spencer Hwy,713-943-9800
Alta Loma Community Baptist Church,9284 Baseline Rd,(909) 989-7982
Alston Baptist Church,136 Church St,(912) 594-6132
Alsup Baptist Church,435 County Road 625,(870) 919-5034
Alsile Baptist Church,3140 Alsile Rd,
Alsbury Baptist Church,500 NE ALSBURY BLVD,817-295-0134
Alpine First Baptist Church,7215 Shreveport Hwy,(318) 640-3812
Alpine First Baptist Church,#4 Country Rd 2055,928-339-4700
Alpine Bible Church,310 E State St,(801) 341-8789
"Alpine Baptist Church, Barnhart",3112 Grandview Pl,
Alpine Baptist Church,1441 County Road 101,(205) 755-5688
Alpine Baptist Church,4720 Stagg Rd,(423) 875-3522
Alpine Baptist Church,2981 Alpine Winterboro Rd,(256) 268-0511
Alpha y Omega 2,1800 South Blvd,(718) 772-2141
Alpha Worship Center,2020 Firedancer Lane,302-325-3930
Alpha Omega Urdu Church,1175 W 600 N,(801) 819-8862
Alpha Ministries International,405 GROVE AVE,(917) 207-2310
Alpha Baptist Church,240 S Schmidt Rd,(630) 378-4659
Alpha Baptist Church,182 Academy St,(229) 759-1007
Alpha & Omega Church,1308 GOLDER AVE,432-614-5580
Alpha & Omega Church,455 4th St S,(863) 455-9591
"Aloma Church Ministries, Inc.",1815 State Rd 436,(407) 671-6851
Aloha Nani Baptist Church,590 Farrington Hwy #524-286,(808) 220-6518
Alpena First Baptist Church,12111 Hwy 62 W,(870) 437-2238
Almyra First Baptist Church,201 South Leslie,(870) 992-3522
Almond,351 Watia Rd,(828) 488-4655
Almighty Word Ministries,1784 Presidential Cir (Crestwood/Intown Suites 2nd Flr Conf Rm),(678) 427-2933
Almighty Words of Life,7728 Gosbrook Ln,
Almeda Plaza Miss. Baptist Church,13924 Quention Dr,713-433-8450
Almighty Bhutanese Nepali Church,4297 Grays Market Dr,(614) 943-1692
Alma First Baptist Church,211 N Mountain Grove Rd,(479) 632-2020
Alma Baptist Church,178881 N 3021 Rd,(580) 444-2407
Alluwe Baptist Church,Highway 28,(918) 230-3530
Allons Baptist Church,2505 Celina Hwy,(931) 823-8613
Allison Baptist Church,9931 Allison Court,(817) 905-8959
"Allison Baptist Church, Decatur",CR2513,940-627-3385
Allison Avenue Baptist Church,5915 Allison Ave,513-868-0641
Alliance Community Fellowship,2185 GOLDEN HEIGHTS RD,817-439-0678
Alliance of Grace Haitian Baptist Church,1205 29th St,(407) 271-5292
Alva Baptist Church,4837 Chapel Hill Rd,(931) 624-7608
Alum Springs,131 Alum Springs Rd,(919) 778-4744
Alum Spring Baptist Church,11058 Dutch Hollow Rd,540-825-3820
Alum Rock Baptist Church of San Jose,2962 Story Rd,(408) 258-1237
Alum Creek,3857 Alum Creek Dr,614-491-1568
Altus Reformed Baptist Church,15258 S County Road 207,(808) 554-7878
Altus First Baptist Church,926 Carbon Plant Rd,(479) 468-3933
Altoona First Baptist Church,3050 Main St,(205) 589-6864
Altoona 1st Southern Baptist Church,903 N 4th St,(814) 312-3101
Altona Missionary Baptist Church,5827 US Highway 62,(270) 395-4342
Altona Baptist Church,12468 NE State Route Z,(816) 297-2076
Alton Baptist Church,5071 Harmony Rd,434-753-2952
Alton Baptist Church,1321 Bypass US-127 S,(502) 839-3487
Altoga Baptist Church,6594 Fm 1827,972-542-2727
Alto Baptist Church,2296 Highway 15,(318) 334-7777
Alto Baptist Church,210 B C Grant Rd,
Altman Memorial Baptist Church,8960 Veterans Pkwy,(706) 323-1505
Altizer Baptist Church,4201 Altizer Ave,304-522-4175
Altheimer First Baptist Church,209 W 6th St,(870) 766-4287
Altapass,3631 Altapass Hwy,(828) 765-0660
21st Century Mission Church,22116 SE 51st Pl,(206) 372-4300
21st Century Baptist Church,622 N Gilbert St,(912) 980-5427
1Church,426 Jackson Ave,713-261-7481
19th Ave. Japanese Baptist Church,1386 19th Ave,(415) 566-5344
18th Street Community Church,1416 18TH STREET,(814) 943-3650
180Turn Church,1379 Lees Chapel Rd,(336) 508-9807
180 Church of Battlefield,4032 W Lark Rd Ste A,(417) 920-7611
Acts Global Church,15 Orange Tree,(714) 886-7287
17th Street Church,946 W 17th St,(972) 986-7558
Acts Fellowship Church,600 Stansted Manor Dr,512-970-2757
Acts Community Church,2732 CHERRYBROOK LN,832-656-2924
Acts 2 Church,5045 Indian River Rd,757-523-9802
"Acts 2 Church, Inc.",PO Box 576,
Acton Baptist Church,3500 FALL CREEK HWY,817-326-4693
Abundant Life Missionary Baptist Church,4800 Elvis Presley Blvd,(901) 363-2640
Abbs Valley,125 Lee Street,
Abees Grove,654 Abees Grove Church Rd,(828) 874-2515
A New Beginning,4620 Pelham Heights Road,(205) 632-3758
A New Beginning Community Baptist,734 SW 35th St,210-436-4000
411 Chapel Baptist Church,314 Hill St,(423) 442-9646
40th Street Baptist Church,6020 N 40th St,(813) 237-3962
4 Points Church,2355 Highway 101 S Ste G,(864) 606-3600
4 C Fellowship,1112 W. Parker Road,469-360-7651
3Circle Church- Daphne Campus,10080 County Road 64,(251) 990-3112
3rd Coast Church,2420 Harborwood Ct,(832) 444-1849
3Circle Church (Main Campus),10274 State Highway 104,(251) 990-3112
3405 Campus,10768 CR 3405,903-852-6711
3Circle Church Midtown,150 S Sage Ave,(251) 479-4593
38th Avenue Baptist Church,419 N 38th Ave,601-264-3897
300 Church,111 E Liberty St,302-398-3373
3:18 Fellowship,565 S Mount Juliet Rd Holiday Inn Express,(615) 804-0152
3-B Cowboy Church,2160 Old West Point Road,
3:18 Church,605 Cotton St,(817) 805-4250
3 Streams Church,105 E Baker St,(813) 777-8125
3 Crosses Cowboy Church,4038 Hwy 351,(325) 338-4287
3 Crosses Cowboy Church,312 School Ave,(870) 384-0182
3 Strands Community Church,1920 G St NW,703-244-2039
3 Circle Church- Thomasville Campus,200 Gunn St,(251) 990-3112
3 Circle Church of Robertsdale,21630 HWY 59,(251) 990-3112
2Rivers Church,88 Hubble Dr,(636) 329-1207
3 C Cowboy Fellowship,16258 Gooseneck Road,254-947-7211
2nd Mile Church,804 S Riverside Dr,(931) 332-6288
242 Fellowship,110 W 27th St,806-773-0768
A Local Gathering,130 Depot St,(423) 534-9321
A Church Family Network,3222 NW 108th St,(408) 425-8859
A Church Family Network,3222 NW 108th St,(408) 425-8859
A Breath of Praise Community Church-Brownwood,711 Bailey St,(512) 431-6685
903 Community Church,10271 Fm 2813,(903) 330-0779
"8th Day Baptist Church, Garland",3321 Broadway Blvd,(214) 289-2412
701 Korean Church,114 Perrymont Ave,(434) 386-7665
5th Avenue Fellowship,907 W Fifth Ave,(980) 253-8025
"5:29 Fellowship, Wylie",2201 Country Club Rd,(469) 653-7484
514 Church,5744 N Hamilton Rd,614-304-1611
5 Point Fellowship,1039 S Pendleton St,864-850-0580
5 Points Church,1610 Simonton Bridge Rd,(678) 522-5862
A Fresh Wind Church,1115 Milan Ave,440-984-7276
5 Nineteen Church,4095 Bristol Dr,(409) 839-4423
5 Bridges Church,17495 Panama City Beach Pkwy,(850) 234-0488
4D Church,1515 Clermont Rd,(919) 544-1347
4LIFE Worship,439 South Main Street,937-479-4479
4Cs Cowboy Church,3343 OLD HIGHWAY RD,(817) 999-7692
48th St Mount Pleasant Baptist Church,5539 Vine St,215-474-4906
47th Street Baptist Church,2105 N 47th St,913-596-1286
412 Fellowship,1950 Hwy 412 East,
5 Eleven Church,4150 W Eau Gallie Blvd,(321) 432-0221
Abbott’s Creek,2817 Abbotts Creek Church Rd,(336) 869-8410
Abbottsburg,13825 Twisted Hickory Rd,(910) 874-1233
"Abbott Baptist Church, Abbott",104 Borden St,(254) 709-0188
Abbott Baptist Church,28127 Highway 71 North,(479) 252-0775
Abbeville First Baptist Church,100 Columbia Rd,(334) 585-2367
Abbie,11190 6th St,
Abbeville First Baptist Church,15 E Long St,662-234-3486
Abbeville First Baptist Church,307 N Main St,864-366-2597
Abba’s House,1349 SW South Macedo Blvd,(954) 695-2292
Abba’s House,5208 Hixson Pike,(423) 877-6462
Abba Baptist Church,153 Abba Church Rd,
Abanda,16131 AL Highway 77,
Aaron’s Creek Baptist,1066 Aarons Creek Rd,(336) 213-2499
A’Neway Baptist Church,488 Allenville Rd,(229) 560-2211
A Seat At the Table (ASATT) Church,6300 Westpark Dr Ste 310A,(832) 598-8374
Aaron,280 Old NC Highway 181,
A Place To Talk,1546 Brookford Church Rd,(828) 855-0224
A Prayer Away,1045 W Pima St,(602) 908-8964
A Safe Place Christian Center,4025 Interwood N Pkwy,(713) 478-2589
Abiding Missionary Baptist Church,14145 Bridgeport Rd,(713) 433-2971
A New Direction Baptist Church,20007 Hanna Nash Rd,(281) 832-9067
A Path of Grace Baptist Church,277 Lake Rd,
A New Chosen Life Fellowship,406 Fitch Avenue,(432) 212-1156
Abiding Love Baptist Church,24300 E State Route EE,
Abiding Grace Community Church,13301 Old Richmond Rd,832-452-6025
Abiding Love Baptist Church,8207 E Houston Rd,713-631-2137
Abiding Grace Christian Church,20841 Johnson St Ste 103,(954) 647-4068
Abiding Fellowship Christian Church,3218 Quitman St,(832) 549-0751
Abide in Christ Church,3114 Old Denton Rd,(817) 897-1652
Abiding Faith Baptist Church,15376 Fondren Road,281-437-9595
Abiding Faith Baptist Church,8203 John Martin Road,281-421-4526
Abide Church,1116 N 20th Ave,(509) 438-3267
Abide Bible Church,403 Emmaus Church Rd,(252) 521-5231
Abide Christian Fellowship,5317 Cicero Drive,(361) 445-1611
Abhisek Nepali Church,7616 North 86th Ave,(402) 490-3251
Aberdeen Sovereign Grace Church,1410 North Kline Street,605-725-0555
Aberfoyle Baptist Church,7665 FM 512,903-496-2014
Abernant,13646 Lodge Road,
Aberdeen First Baptist Church,416 W 2nd,(870) 830-0972
Aberdeen Korean Baptist Church,3109 Churchville Rd,(502) 905-1707
Aberdeen First,700 N Sandhills Blvd,(910) 944-1421
Aberdeen First Baptist,310 W Commerce St,662-369-9366
Aberdeen Baptist Church,301 Cleveland St,719-542-5935
Aberdeen Baptist Church,733 US 52,(937) 795-2334
"Aberdeen Avenue Baptist Church, a Corporation",2733 ABERDEEN AVE,
Aberdeen Baptist Church,186 Leonard Oak Rd,(270) 526-2752
Abundant Hope Baptist Church,809 Barbara Street,304-638-6828
Abundant Harvest Church,8734 Windswept Lane,(713) 785-1756
Abundant Grace Church,205 W 8th,
Abundant Harvest Baptist Church,365 W King Ave,(904) 859-1859
Abundant Grace Bible Church,13111 Casimir Ave,(424) 402-6465
Abundant Grace Baptist Church,1143 Carbona Dr,972-803-3350
Abundant Faith Church of Gwinnett,4768 Centerville Hwy,(678) 281-4307
Abundant Grace Baptist Church,240 Hillstown Rd,(646) 923-5468
Abundant Faith Christian Church,7302 Conyers St,(678) 395-6324
"Abundant Faith Baptist Church, Humble",8906 Humble Westfield Rd,(346) 345-2198
Abundant Baptist Church,10700 E Bethany Dr Ste100,(720) 625-8558
Above and Beyond Fellowship Church,20498 Rhodes Rd,281-355-6161
Above the Hills Church,31 Stetson St Apt Salem 22,
Abounding Hope Baptist Church,112 W Highway 32,573-674-1004
Abney Memorial Baptist Church,210 Bypass 225,864-227-8601
Abounding Grace Ministries,664 Columbus Avenue,(603) 742-7550
Abney Baptist Church,5180 Bethune Rd,803-475-7272
Abner Creek Baptist Church,2461 Abner Creek Rd,864-877-6604
Abner Baptist Church,562 Andre Ln,864-574-3180
Abingdon Creek Baptist Church,187 Abingdon Rd,
Abishek Nepali Bhutanese,1695 Alona Drive Apt. 6,(614) 589-8874
Abilene Baptist Church,3917 Washington Rd,(706) 869-1774
Abingdon,361 W Main St,276-628-8126
Abiezer Baptist Church,469 Hagins St,(803) 366-5480
Abundant Life Korean Baptist Church,375 Benfield Road,410-852-9191
Abundant Life International Ministries,Conference Room 221 8350 Richmond Highway,540-368-8047
Abundant Life Korean,8600 W 91st Ter,(213) 369-3700
Abundant Life Fellowship Church,4473 Egypt Church Rd,(901) 275-5784
Abundant Life In Christ Church,897 Township Road 150,(440) 487-2110
Abundant Life Independence Campus,112 W 23rd St,(816) 554-8181
"Abundant Life Community Church, Inc.",10143 Royalton Rd Ste N&O,440-877-1202
Abundant Life Community Church,46 Frisco St,(870) 930-8146
Abundant Life Community Church,2433 Sycamore School Rd,(817) 297-0030
Abundant Life Church,22257 Hwy 34,(580) 782-3009
Abundant Life Community Baptist Church,P.O. Box 1882,512-945-6241
Abundant Life Church,6300 Tylersville Rd,(513) 746-7063
Abundant Life Christian Fellowship,5006 Lord Road,210-286-4542
Abundant Life Christian Fellowship,c/o P. O. Box 2426,808-542-7775
Abundant Life Blue Springs Campus,1241 S 7 Hwy,(816) 554-8181
"Abundant Life Baptist Church, Fort Worth",6809 McCart Avenue,817-361-9889
Abundant Life Baptist Church,2167 University Ave,718-931-8445
Abundant Life Baptist Church,12 Hart Service Rd,(706) 371-7536
Abundant Life Baptist Church,414 SW Persels Rd,816-554-8181
Abundant Life Baptist Church,976 Chapel Hill Rd,304-547-4370
Abundant Life Baptist Church,1605 N Hills Blvd,(479) 414-5504
Abundant Joy Church,111 Park Ave,(949) 563-1451
Abundant Hope Baptist Church,700 Willeyton Rd,(252) 465-1121
Across the Way Baptist Church,3806 E Auburn St,(806) 747-9020
Acorn Pond Baptist Church,608 Acorn Pond Rd,(229) 535-6608
Acorn Hill,246 Acorn Hill Rd,(252) 823-6360
Acquoni,722 Acquoni Rd,(828) 497-7106
Acorn Baptist Church,196 Polk Road 188,(479) 234-2046
Acorn Baptist Church,5000 Highway 1675,
Acme Baptist Church,40751 Highway 129,(318) 386-2382
Ackerman Baptist Church,P.O. Box 277,662-285-3211
Activa Church,904 Ivey Church Rd,(980) 525-9401
Achaia Missionary Baptist Church,312 Laprade Rd,(770) 227-1937
Access Point Church,518 Coke Ave,(252) 339-7767
Academy Baptist Church,689 Academy Church Rd,(706) 367-4652
Access / 17th Street Baptist Church,113 17th St,(540) 915-2107
Academy Baptist Church,2251 County Road 700,(662) 685-4200
Academy Baptist Church,1581 Academy Rd,
Abyssinian Baptist Church,4210 Germantown Ave,215-324-1981
Abyssinian Baptist Church of Christ,612 NW 6th Ave,(954) 993-7491
Abyssinia Baptist Church,2301 Avenue E,(205) 202-3898
Abyssinia Baptist Church,4705 Addison Rd,301-773-4712
Abundant Mercy Christian Church,1500 Mcdonough Pl,(404) 259-9838
Abundant Living Church,323 Danforth Ave,
Adamsville First Baptist Church,222 W Main St,(731) 632-3787
"Adamsville Baptist Church, Goldsboro",1302 N Berkeley Blvd,(919) 778-1213
Adamsville Baptist Church,5101 Adams Ave,(205) 674-3123
Adamsville Baptist Church,4839 E County Road 468,(352) 748-1821
Adamstown Community Church,5603 Mountville Rd,301-874-2633
Adamsville Baptist Church,17084 N US HIGHWAY 281,512-768-3480
Adamson Baptist Church,7513 E. Adamson Rd,(918) 297-3861
Adams Street Baptist Church,1521 W Adams St,
Adams Run Baptist Church,8113 Highway 162,(843) 889-0483
Adams Memorial Baptist Church,PO Box 1983,409-384-4248
Adams Grove Baptist Church,24463 Adams Grove Rd,434-378-1221
Adams Chapel Baptist Church,228 Adams Chapel Rd,
Adairville Baptist Church,327 W Gallatin Rd,(270) 303-5934
Adairsville Baptist Church,107 Summer St,(770) 773-3198
Adaburg Baptist Church,200 Adaburg Tower LLN,
ACTS2 Northern California,1275 Harbor Bay Pkwy,(510) 522-2467
"Acts International Christian Fellowship, SBC",28390 US Highway 74 #14,(951) 928-5305
Acts Community Baptist Church,14613 N May Ave,(405) 510-5809
Acts Church,300 S. 13th St.,254-759-1800
Acts 2 Southeast,5045 Portsmouth Rd,(832) 475-0764
Acts 2 Ministries,4708 Hickory Hill Dr,(540) 774-9278
